,Disagreement|x,Disagreement|y,Disagreement|y_std
0,1,0.13893465129049973,0.004745188137219737
1,2,0.12191103789126852,0.008820636136303682
2,4,0.11916529379461833,0.009772174859995717
3,8,0.11825004576240161,0.010441852972324124
4,16,0.11641954969796815,0.007408422604740273
5,32,0.11641954969796815,0.007408422604740273
