,Disagreement|x,Disagreement|y,Disagreement|y_std
0,192,0.14332784184514005,0.021777518689314233
1,384,0.14259564341936662,0.018982517789761538
2,768,0.13692110561962292,0.007626822865092322
3,1536,0.14021599853560315,0.021307791921696535
4,3072,0.15229727256086398,0.008903815857232524
