,Disagreement|x,Disagreement|y,Disagreement|y_std
0,192,0.14245548266166821,0.002759063063520097
1,384,0.1415182755388941,0.00653809732472863
2,768,0.13808184942205562,0.004351261567380238
3,1536,0.13370821618244297,0.012720570491410387
4,3072,0.13776944704779756,0.01202647707273986
