,Disagreement|x,Disagreement|y,Disagreement|y_std
0,192,0.16744767260231178,0.005208788503759157
1,384,0.15338956576069976,0.005095128531802595
2,768,0.14620431115276475,0.01379531531760051
3,1536,0.15245235863792564,0.02013481167675353
