,Disagreement|x,Disagreement|y,Disagreement|y_std
0,0.0,0.0,0.0
1,0.001,0.0,0.0
2,0.01,0.004,0.004320493798938574
3,0.1,0.014666666666666666,0.0024944382578492934
4,0.2,0.011666666666666665,0.0018856180831641268
5,0.4,0.018333333333333333,0.005185449728701348
6,0.6,0.025666666666666667,0.0047140452079103175
7,0.8,0.035333333333333335,0.007318166133366716
8,1.0,0.04066666666666666,0.006182412330330469
