,Disagreement|x,Disagreement|y,Disagreement|y_std
0,192,0.1455244371224602,0.013540722686367888
1,384,0.138019403258283,0.007206670212348362
2,768,0.12923302214900237,0.0048361137886226944
3,1536,0.12703642687168223,0.0031493045092596123
4,3072,0.12996522057477575,0.021227441353577483
