,Disagreement|x,Disagreement|y,Disagreement|y_std
0,192,0.14918542925132713,0.009451459376478549
1,384,0.15778876075416437,0.018918865352669567
2,768,0.11641954969796815,0.007408422604740273
3,1536,0.12062969064616512,0.006487294580512301
4,3072,0.11989749222039171,0.0072066702123483465
