,Disagreement|x,Disagreement|y,Disagreement|y_std
0,192,0.117813383600377,0.011543306987668133
1,384,0.10587496072887215,0.00494753872071116
2,768,0.10273327049952875,0.00461732279506725
3,1536,0.10273327049952874,0.014000804244522266
4,3072,0.10179076343072573,0.005386876594245129
