,Disagreement|x,Disagreement|y,Disagreement|y_std
0,1,0.1460735859417902,0.009490376274439471
1,2,0.13930075050338642,0.00876729270717777
2,4,0.13509060955518945,0.013899722135507693
3,8,0.1345414607358594,0.011369723707317987
4,16,0.13545670876807617,0.009969063740940951
5,32,0.13545670876807617,0.009969063740940951
