,Disagreement|x,Disagreement|y,Disagreement|y_std
0,1,0.13464542330521712,0.0011689026512883248
1,2,0.13776944704779756,0.004778837407303454
2,4,0.12933458294283037,0.0033355445960735097
3,8,0.12902218056857231,0.006943489775349228
4,16,0.13058419243986255,0.006508174525460684
5,32,0.13058419243986255,0.006508174525460684
