,Disagreement|x,Disagreement|y,Disagreement|y_std
0,1,0.11467169337103363,0.014648499185516512
1,2,0.10084825636192273,0.006108143919328804
2,4,0.10304743952246309,0.0038733358485510357
3,8,0.0999057492931197,0.005331625117334944
4,16,0.10147659440779139,0.006982755504521796
5,32,0.10147659440779139,0.006982755504521796
