,Disagreement|x,Disagreement|y,Disagreement|y_std
0,192,0.1039899465912661,0.006172441942943291
1,384,0.09267986176562991,0.004375868136093033
2,768,0.09079484762802388,0.005123941699748694
3,1536,0.08890983349041785,0.0064538606924832344
