,Disagreement|x,Disagreement|y,Disagreement|y_std
0,1,0.10461828463713478,0.008874927358985573
1,2,0.09896324222431668,0.004681013014687823
2,4,0.0901665095821552,0.0016019539785085734
3,8,0.0885956644674835,0.0027746656821639485
4,16,0.09110901665095822,0.005567089270081481
5,32,0.09110901665095822,0.005567089270081481
