,Disagreement|x,Disagreement|y,Disagreement|y_std
0,1,0.13252791506498263,0.007037299208032615
1,2,0.12831777411678566,0.006610093386515766
2,4,0.12795167490389894,0.0077790698740164
3,8,0.1277686252974556,0.0033050466932578815
4,16,0.12923302214900237,0.0048361137886226944
5,32,0.12923302214900237,0.0048361137886226944
