,Disagreement|x,Disagreement|y,Disagreement|y_std
0,1,0.15401437050921588,0.017655571572564564
1,2,0.1521399562636676,0.005374773675128167
2,4,0.14339268978444236,0.011272488942623374
3,8,0.1443298969072165,0.013053784702140695
4,16,0.14620431115276475,0.01379531531760051
5,32,0.14620431115276475,0.01379531531760051
